{
    "resnet50_pretrained_moco_34": {
        "accuracy": 0.7253736200465617,
        "f1_macro": 0.6429376534603048,
        "f1_micro": 0.7253736200465616,
        "f1_weighted": 0.7224558731397279,
        "precision_macro": 0.6718891448747398,
        "precision_micro": 0.7253736200465617,
        "precision_weighted": 0.7319118326323063,
        "recall_macro": 0.6304674834347667,
        "recall_micro": 0.7253736200465617,
        "recall_weighted": 0.7253736200465617
    },
    "resnet50_pretrained_moco_224": {
        "accuracy": 0.9614113700653366,
        "f1_macro": 0.948744081425446,
        "f1_micro": 0.9614113700653366,
        "f1_weighted": 0.9613162707347038,
        "precision_macro": 0.9528588834616637,
        "precision_micro": 0.9614113700653366,
        "precision_weighted": 0.9614987567566768,
        "recall_macro": 0.9450893415118891,
        "recall_micro": 0.9614113700653366,
        "recall_weighted": 0.9614113700653366
    },
    "resnet50_pretrained_moco_rgb_34": {
        "accuracy": 0.7507697699451774,
        "f1_macro": 0.6771355239665006,
        "f1_micro": 0.7507697699451773,
        "f1_weighted": 0.7487446968809157,
        "precision_macro": 0.7175859747866655,
        "precision_micro": 0.7507697699451774,
        "precision_weighted": 0.7594111011783012,
        "recall_macro": 0.6554827855339189,
        "recall_micro": 0.7507697699451774,
        "recall_weighted": 0.7507697699451774
    },
    "resnet50_pretrained_moco_rgb_224": {
        "accuracy": 0.9394197311437655,
        "f1_macro": 0.9207560824029396,
        "f1_micro": 0.9394197311437655,
        "f1_weighted": 0.9392875308536194,
        "precision_macro": 0.9262054713050517,
        "precision_micro": 0.9394197311437655,
        "precision_weighted": 0.9397259065144885,
        "recall_macro": 0.9162887966578361,
        "recall_micro": 0.9394197311437655,
        "recall_weighted": 0.9394197311437655
    },
    "resnet50_pretrained_imagenet_34": {
        "accuracy": 0.49173905424687714,
        "f1_macro": 0.3493434329299972,
        "f1_micro": 0.49173905424687714,
        "f1_weighted": 0.48161810794704335,
        "precision_macro": 0.4023907744257339,
        "precision_micro": 0.49173905424687714,
        "precision_weighted": 0.4912059962252398,
        "recall_macro": 0.33623210259110675,
        "recall_micro": 0.49173905424687714,
        "recall_weighted": 0.49173905424687714
    },
    "resnet50_pretrained_imagenet_224": {
        "accuracy": 0.5623826570205522,
        "f1_macro": 0.4563210653703103,
        "f1_micro": 0.5623826570205522,
        "f1_weighted": 0.5610300197124098,
        "precision_macro": 0.51827690563907,
        "precision_micro": 0.5623826570205522,
        "precision_weighted": 0.5819346757027868,
        "recall_macro": 0.4357083947993189,
        "recall_micro": 0.5623826570205522,
        "recall_weighted": 0.5623826570205522
    },
    "resnet50_pretrained_imagenet_rgb_34": {
        "accuracy": 0.5358975642726613,
        "f1_macro": 0.39714404619195925,
        "f1_micro": 0.5358975642726613,
        "f1_weighted": 0.5274038246830609,
        "precision_macro": 0.43689389972418324,
        "precision_micro": 0.5358975642726613,
        "precision_weighted": 0.5332148769326425,
        "recall_macro": 0.38318585518701925,
        "recall_micro": 0.5358975642726613,
        "recall_weighted": 0.5358975642726613
    },
    "resnet50_pretrained_imagenet_rgb_224": {
        "accuracy": 0.6548927328710541,
        "f1_macro": 0.5581122053428145,
        "f1_micro": 0.6548927328710541,
        "f1_weighted": 0.6514615899490183,
        "precision_macro": 0.5976259801282416,
        "precision_micro": 0.6548927328710541,
        "precision_weighted": 0.6631856344866887,
        "recall_macro": 0.5401298256305004,
        "recall_micro": 0.6548927328710541,
        "recall_weighted": 0.6548927328710541
    }
}