{
  "min": [
    816.0,
    0.0,
    0.0,
    0.0,
    174.0,
    153.0,
    128.0,
    0.0,
    40.0,
    1.0,
    5.0,
    1.0,
    91.0
  ],
  "max": [
    17720.0,
    28000.0,
    28000.0,
    28000.0,
    23381.0,
    27791.0,
    28001.0,
    28002.0,
    15384.0,
    183.0,
    24704.0,
    22210.0,
    28000.0
  ],
  "mean": [
    1354.406005859375,
    1118.244873046875,
    1042.9298095703125,
    947.6290283203125,
    1199.470703125,
    1999.7947998046875,
    2369.227783203125,
    2296.82666015625,
    732.0828247070312,
    12.113269805908203,
    1819.01171875,
    1118.9276123046875,
    2594.140869140625
  ],
  "std": [
    245.71763610839844,
    333.0077819824219,
    395.0924987792969,
    593.7505493164062,
    566.4169921875,
    861.1840209960938,
    1086.63134765625,
    1117.981689453125,
    404.9197998046875,
    4.775844573974609,
    1002.5877075195312,
    761.30322265625,
    1231.5858154296875
  ]
}