{
  "min": [
    0.0,
    0.0,
    0.0,
    0.0
  ],
  "max": [
    255.0,
    255.0,
    255.0,
    255.0
  ],
  "mean": [
    112.3398208618164,
    114.68054962158203,
    114.19721221923828,
    107.12277221679688
  ],
  "std": [
    54.74105453491211,
    47.878665924072266,
    37.12868118286133,
    76.6676254272461
  ]
}