{
  "random": {
    "min": [
      0.0001,
      0.0001,
      0.0001,
      0.0001,
      0.0001,
      0.0001,
      0.0001,
      0.0001,
      0.0001,
      0.0001
    ],
    "max": [
      2.8,
      2.8,
      2.8,
      2.8001,
      2.8002,
      2.8003,
      2.8002,
      2.8005,
      2.8001,
      2.8
    ],
    "mean": [
      0.1242865659255651,
      0.11001677360484904,
      0.10230652363788878,
      0.11532195523298688,
      0.15989486016901647,
      0.18204406481475396,
      0.17513562590032622,
      0.19565546642694676,
      0.15648722648417757,
      0.11122536335888582
    ],
    "std": [
      0.03922694991002109,
      0.047091672083101936,
      0.06532640870812462,
      0.06240566539720062,
      0.07583674859568054,
      0.08917173211036335,
      0.09050921895641584,
      0.09968561363966205,
      0.09901878556417713,
      0.08733859110756595
    ]
  },
  "block": {
    "min": [
      0.0001,
      0.0001,
      0.0001,
      0.0001,
      0.0001,
      0.0001,
      0.0001,
      0.0001,
      0.0001,
      0.0001
    ],
    "max": [
      2.8,
      2.8,
      2.8,
      2.8001,
      2.8002,
      2.8003,
      2.8002,
      2.8005,
      2.8001,
      2.8
    ],
    "mean": [
      0.1238186977724292,
      0.10944155480998297,
      0.10176911569517286,
      0.11465267889281008,
      0.15870528222343724,
      0.1805396446910063,
      0.17366821871139682,
      0.19390983960961486,
      0.1553649048600672,
      0.11057334450095133
    ],
    "std": [
      0.03883112750263436,
      0.046498604905233644,
      0.06438326419997739,
      0.06161409291566983,
      0.07530040070696793,
      0.0886177937762015,
      0.0899499822412904,
      0.09917592447950713,
      0.09832757074139627,
      0.0865942649388738
    ]
  },
  "culture_10": {
    "min": [
      0.0001,
      0.0001,
      0.0001,
      0.0001,
      0.0001,
      0.0001,
      0.0001,
      0.0001,
      0.0001,
      0.0001
    ],
    "max": [
      2.8,
      2.8,
      2.8,
      2.8001,
      2.8002,
      2.8003,
      2.8001,
      2.8003,
      2.8001,
      2.8
    ],
    "mean": [
      0.12375696117628263,
      0.10927746363668964,
      0.10108552033058443,
      0.11423986161160338,
      0.15926566920213808,
      0.18147236008864062,
      0.17457403122800244,
      0.19501607349535974,
      0.15428468872571866,
      0.10905050699494197
    ],
    "std": [
      0.03958795985744495,
      0.0477782627510975,
      0.06636616706379514,
      0.06358874912517777,
      0.0774438714841826,
      0.0910163508568612,
      0.09218466562281988,
      0.10164581234627947,
      0.0999177304257295,
      0.08780632508691358
    ]
  }
}