{
  "min": [
    0.0,
    0.0,
    0.0,
    0.0,
    0.0,
    0.0,
    0.0,
    0.0,
    0.0,
    0.0,
    0.0,
    0.0
  ],
  "max": [
    18533.0,
    17403.0,
    16670.0,
    15727.0,
    16369.0,
    16027.0,
    15855.0,
    15679.0,
    15202.0,
    15098.0,
    5341.0,
    10354.0
  ],
  "mean": [
    237.94383239746094,
    384.6624450683594,
    253.626708984375,
    2762.07763671875,
    625.8056640625,
    2074.90234375,
    2651.58642578125,
    2923.10107421875,
    1307.518310546875,
    600.5294189453125,
    253.16619873046875,
    2926.369140625
  ],
  "std": [
    137.15211486816406,
    160.50038146972656,
    178.5304718017578,
    798.6138305664062,
    233.0775604248047,
    542.3641357421875,
    721.9783935546875,
    790.643798828125,
    462.2733154296875,
    300.0897216796875,
    127.59476470947266,
    717.2382202148438
  ]
}